ba wang bie ji.csv_scene_66,哈哈哈 哈哈哈
ba wang bie ji.csv_scene_66,套路 深
ba wang bie ji.csv_scene_66,我 需要 这样 的 老师 监督 我 学习
ba wang bie ji.csv_scene_94,这里 看 哭 了.
ba wang bie ji.csv_scene_94,他们 怎么 考上 报送 的 啊.
ba wang bie ji.csv_scene_94,红字 你 够 了.
ba wang bie ji.csv_scene_94,这 小孩 笑 死 我 了.
ba wang bie ji.csv_scene_107,师父 哭 了
ba wang bie ji.csv_scene_107,看到 这里 真的 是 哭 出声.
ba wang bie ji.csv_scene_107,是 我 劳资 直接 把 这 师傅 打死.
ba wang bie ji.csv_scene_113,这里 的 小孩 都 是 没人要 的 知道 不 ， 没 爸妈 的 。 戏班子 收留 培养 也 没 毛病 吧.
ba wang bie ji.csv_scene_113,学 不好 以后 得 饿死 师傅 都 对 每 一个 孩子 好 打 他们 也 是 为了 可以 成才 。.
ba wang bie ji.csv_scene_113,在 旧社会 ， 师傅 固然 心疼 也 想 鞭策 他们 出息 。.
ba wang bie ji.csv_scene_113,错 的 不是 师父 ， 是 这个 世界.
ba wang bie ji.csv_scene_113,就算 在 以前 不得不 这样 也 不 代表 它 就是 对 的 ， 书读 狗 肚子 里 了 ？.
ba wang bie ji.csv_scene_113,怎么 死 的 是 ？.
ba wang bie ji.csv_scene_157,马丹 ， 好 恐怖 啊.
ba wang bie ji.csv_scene_157,撇开 这 里面 其实 公公 演 的 很 好.
ba wang bie ji.csv_scene_157,变态 ， 放过 小 豆子 !.
ba wang bie ji.csv_scene_167,啊啊啊 啊啊啊 哥哥.
ba wang bie ji.csv_scene_167,少年 裘马 ， 屐 履 风流.
ba wang bie ji.csv_scene_167,哥哥 ， 刚刚 一 抬头 真的 是 比 女 的 还有 韵味 和 自信.
ba wang bie ji.csv_scene_171,哈哈哈 哈哈哈 哈哈哈 键盘 侠 祖师爷 的 那位 逗死 我 了.
ba wang bie ji.csv_scene_171,爱国 贼.
ba wang bie ji.csv_scene_172,带 一波 节奏 哈哈哈 哈哈哈 哈哈哈.
ba wang bie ji.csv_scene_172,沙 书记 还 记得 大明 湖畔 的 达康 书记 嘛.
ba wang bie ji.csv_scene_214,黄磊 我 要 笑 死 了.
ba wang bie ji.csv_scene_214,我天 黄磊 ！ ！.
ba wang bie ji.csv_scene_214,话 说 黄磊 年轻 的 时候 还 真是 帅 呀 ！.
ba wang bie ji.csv_scene_214,黄 小厨 啊 ！.
ba wang bie ji.csv_scene_257,满屋子 醋 味儿.
ba wang bie ji.csv_scene_257,这 关门声 大得 哟.
ba wang bie ji.csv_scene_257,哈哈哈 哈哈哈 哈哈哈.
ba wang bie ji.csv_scene_257,吾 与 菊 仙 孰 美.
ba wang bie ji.csv_scene_257,哈哈 ， 哥哥 真的 好 可爱.
ba wang bie ji.csv_scene_267,你 上 哪儿 去 QAQ 这句 话 扎心 了.
ba wang bie ji.csv_scene_267,心疼 。 。 。 。.
ba wang bie ji.csv_scene_267,我 靠 ， 这声 “ 别 走 ”.
ba wang bie ji.csv_scene_267,张驰 是 我们 体育老师.
ba wang bie ji.csv_scene_270,一 看见 葛优 ， 就 出戏.
ba wang bie ji.csv_scene_270,假 霸王 真虞姬.
ba wang bie ji.csv_scene_270,栽培 葛优 瘫.
ba wang bie ji.csv_scene_270,好 心疼.
ba wang bie ji.csv_scene_270,前方 高能.
ba wang bie ji.csv_scene_270,卧槽.
ba wang bie ji.csv_scene_271,妈 的 。 。 。.
ba wang bie ji.csv_scene_271,哈哈哈 哈哈哈 回家 不行 了 ， 葛 大爷 弄 的 我 泪目 一下 笑 喷 了.
ba wang bie ji.csv_scene_271,吓死 我 了 。 。 。 。.
ba wang bie ji.csv_scene_271,哈哈哈哈 哈哈哈 葛优.
ba wang bie ji.csv_scene_280,哈哈哈 ， 我 笑 出声 了.
ba wang bie ji.csv_scene_280,看到 葛优 就 想 笑 怎么办 ？.
ba wang bie ji.csv_scene_280,突然 有点 想 站 这 对 。 。 。 我 是不是 疯 了 。 。.
ba wang bie ji.csv_scene_280,葛优 你 居然 撩 哥哥.
ba wang bie ji.csv_scene_321,略略 略 那个 你别 走.
ba wang bie ji.csv_scene_321,哈哈哈 哈哈哈 笑 死 了.
ba wang bie ji.csv_scene_321,撒泼 了.
ba wang bie ji.csv_scene_321,跳 到 春光乍泄.
ba wang bie ji.csv_scene_321,蝶衣 好萌.
ba wang bie ji.csv_scene_373,打得 好 ！ ！ ！.
ba wang bie ji.csv_scene_373,说 打的好 的 也 真是 没脑子 吧.
ba wang bie ji.csv_scene_373,扇 耳光 这里 有点 心疼 菊仙 ， 一直 活在 时代 的 阴影 下.
ba wang bie ji.csv_scene_373,这 尼玛 是 真 打 吧 ， 到 肉 了.
ba wang bie ji.csv_scene_373,弹幕 骂菊仙 的 智商 需要 充值 了.
ba wang bie ji.csv_scene_375,哈哈哈哈 哈哈哈.
ba wang bie ji.csv_scene_375,老爷子 有点 可爱.
ba wang bie ji.csv_scene_375,蝶衣 式 乖巧.
ba wang bie ji.csv_scene_375,菊仙 没错 ， 为了 自己 的 爱情 ， 想过 自己 的 日子.
ba wang bie ji.csv_scene_375,师哥 裤子 没提 呢.
ba wang bie ji.csv_scene_426,机智 的 菊 仙.
ba wang bie ji.csv_scene_426,哈哈哈哈 哈哈哈哈.
ba wang bie ji.csv_scene_426,旁边 的 人 ： 扎心 了 老铁 ！.
ba wang bie ji.csv_scene_426,她 这 是 想 让 段小楼 和 程蝶衣 撇 干净 关系.
ba wang bie ji.csv_scene_426,记得 这 把 剑 对于 蝶衣 的 意义 这 段 理解 起来 就 不难.
ba wang bie ji.csv_scene_485,蝶衣 一脸 懵 逼 hhhhh 好 可爱.
ba wang bie ji.csv_scene_485,哈哈哈 哈哈哈 解放军 太 可爱 了.
ba wang bie ji.csv_scene_485,好 尴尬.
ba wang bie ji.csv_scene_485,不 懂 怎么 了 ， 反正 人家 表演 了 认真 在 看 啊.
ba wang bie ji.csv_scene_495,前面 的 ， 哥哥 是 生理性 抑郁症 ， 真的 很 痛苦 ， 身体 上.
ba wang bie ji.csv_scene_495,心疼 哥哥.
ba wang bie ji.csv_scene_495,心疼 嗓子.
ba wang bie ji.csv_scene_495,哥哥 … … 爆粗 口 都 那么 好听.
ba wang bie ji.csv_scene_504,这块 是 真 哭 了.
ba wang bie ji.csv_scene_504,好 心疼 ， 都 想 抱 着 他.
ba wang bie ji.csv_scene_535,劳动 人民 让 你 滚.
ba wang bie ji.csv_scene_535,Mmp 小四 我 要 杀 了 你 啊啊啊 啊啊啊.
ba wang bie ji.csv_scene_535,本 劳动 人民 表示 不 爱看 白眼狼.
ba wang bie ji.csv_scene_535,道德 绑架.
ba wang bie ji.csv_scene_607, 鬼神 更 可怕 的 是 人心.
ba wang bie ji.csv_scene_607,段小楼 你 疯 了 吗 ！.
ba wang bie ji.csv_scene_607,菊仙 ： 我 怎么 不 认识 你 了.
ba wang bie ji.csv_scene_607,喜欢 菊仙 喜欢 蝶衣 但 尊重 理解 小楼 的 生存 方式 。 真正 可怕 的 便是 人心 人性 。.
ba wang bie ji.csv_scene_607,菊 仙都 看 懵 了.
ba wang bie ji.csv_scene_607,程蝶衣 算是 爱错 人 。.
ba wang bie ji.csv_scene_617,蝶衣 在 这里 只 把 矛头 对准 了 菊 仙 啊 ， 还是 没有 对 小楼 。 。 。.
ba wang bie ji.csv_scene_617,现在 开始 心疼 菊仙 了.
ba wang bie ji.csv_scene_617,为什么 都 说 菊 仙 ？ 菊仙 其实 挺 好 的.
ba wang bie ji.csv_scene_620,渣 渣 。 心疼 菊仙.
ba wang bie ji.csv_scene_620,吴大维.
ba wang bie ji.csv_scene_620,彭于 晏.
ba wang bie ji.csv_scene_620,段小楼 怂 的 啊.
ba wang bie ji.csv_scene_620,菊仙 自杀 不是 蝶衣 的 揭发 ， 而是 段小楼 的 这句 不 爱 吧.
ba wang bie ji.csv_scene_621,心疼 死 了 真的.
ba wang bie ji.csv_scene_621,说 鲁迅 的 这 世界 上 只有 一个 鲁迅.
ba wang bie ji.csv_scene_621,说 人渣 的 ， 你 在 那个 时代 估计 连人 都 当不了.
ba wang bie ji.csv_scene_621,不 但是 渣攻 ， 还是 渣 男.
ba wang bie ji.csv_scene_621,那个 年代 的 人 都 疯 了 吗.
ba wang bie ji.csv_scene_634,大快人心.
ba wang bie ji.csv_scene_634,天道 好 轮回 ， 苍天 放过 谁.
ba wang bie ji.csv_scene_634,报应 报应.
ba wang bie ji.csv_scene_634,md 小四 这个 禽兽.
ba wang bie ji.csv_scene_635,活该 。 。 。 。 。.
ba wang bie ji.csv_scene_635,哈哈哈哈 哈哈哈哈 突然 好开心.
ba wang bie ji.csv_scene_645,大梦初醒.
ba wang bie ji.csv_scene_645,人生 最后 的 绝美.
ba wang bie ji.csv_scene_645, 致敬 经典.
ba wang bie ji.csv_scene_645,世间 再 无 程蝶衣 … ….
ba wang bie ji.csv_scene_646,既然 蒙昧 就让 我戏 梦 一生.
ba wang bie ji.csv_scene_646,他 是 假 霸王 ！ 你 才 是 — — 真虞姬 ！.
ba wang bie ji.csv_scene_646,再见.
ba wang bie ji.csv_scene_647,世间 再 无 程蝶衣.
ba wang bie ji.csv_scene_647,哥哥 再见.
ba wang bie ji.csv_scene_647,全城 没泪 目的 我 现在 泪目 了.
ba wang bie ji.csv_scene_647,我本 是 男儿 郎 ， 又 不是 女娇 娥.
ba wang bie ji.csv_scene_649,我本 是 男儿 郎 ， 又 不是 女娇 娥.
ba wang bie ji.csv_scene_649,世间 再 无 程蝶衣.
ba wang bie ji.csv_scene_649,泪目.
ba wang bie ji.csv_scene_649,致敬 张国荣.
ba wang bie ji.csv_scene_650,心痛.
ba wang bie ji.csv_scene_650,搁 我 演完 我 也 抑郁.
Dong Fang Bu Bai.csv_scene_9,钱嘉乐.
Dong Fang Bu Bai.csv_scene_9,哈哈哈 哈哈哈.
Dong Fang Bu Bai.csv_scene_12,钱嘉乐.
Dong Fang Bu Bai.csv_scene_12,东方不败 的 英文翻译 真牛 swordsman 剑 男 啊.
Dong Fang Bu Bai.csv_scene_12,历史 上 第一个 抢 人头.
Dong Fang Bu Bai.csv_scene_24,喜欢 看 粤语 的 这个 合集 里 就 有 ， 眼瞎 啊 ， bb 个 毛线.
Dong Fang Bu Bai.csv_scene_24,好帅 好 美.
Dong Fang Bu Bai.csv_scene_24,承包 教主.
Dong Fang Bu Bai.csv_scene_24,青霞 女神 女神 QAQ.
Dong Fang Bu Bai.csv_scene_25,有 道理 233.
Dong Fang Bu Bai.csv_scene_25,妈 。 。 我 的 妈 。 。 噗.
Dong Fang Bu Bai.csv_scene_25,教主 好帅 青霞 女神.
Dong Fang Bu Bai.csv_scene_25,晚上 有 马肉 吃 了.
Dong Fang Bu Bai.csv_scene_25,今晚 剧组 加餐.
Dong Fang Bu Bai.csv_scene_27,沧海 一声 笑.
Dong Fang Bu Bai.csv_scene_27,马肉 不 好吃 驴肉 好吃 天上 龙肉 地上 驴肉.
Dong Fang Bu Bai.csv_scene_27,台词 逗比.
Dong Fang Bu Bai.csv_scene_27,233
Dong Fang Bu Bai.csv_scene_27,马肉 好吃.
Dong Fang Bu Bai.csv_scene_29,骑兵 变 步兵 了 。.
Dong Fang Bu Bai.csv_scene_29,字幕 对 得 上 的 在 av3055081.
Dong Fang Bu Bai.csv_scene_29,不要 看 字幕 ， 国语 配音 比 粤语 原 声 生动.
Dong Fang Bu Bai.csv_scene_38,因为 字幕 是 粤语版 歌词.
Dong Fang Bu Bai.csv_scene_38,字幕 也 是 醉 了 。 快 逼死 我 了.
Dong Fang Bu Bai.csv_scene_41,高尔夫 美女 出场 。 。 。 。 。 。 。 。 。.
Dong Fang Bu Bai.csv_scene_41,关之琳 高尔夫.
Dong Fang Bu Bai.csv_scene_41,关美人 也 上线 了.
Dong Fang Bu Bai.csv_scene_41,芦笙 是 站 着 吹 的.
Dong Fang Bu Bai.csv_scene_41,另 一个 美人 又 出场 了.
Dong Fang Bu Bai.csv_scene_41,怎么 对不上 啊.
Dong Fang Bu Bai.csv_scene_42,关之琳 真是 美人 啊.
Dong Fang Bu Bai.csv_scene_42,字母 是 粤语 字幕 吧.
Dong Fang Bu Bai.csv_scene_42,蓝凤凰 口音 好评 ， 符合 地点 设定.
Dong Fang Bu Bai.csv_scene_42,袁洁莹 ！ ！ ！ ！ ！ ！ ！ ！ ！ ！ ！.
Dong Fang Bu Bai.csv_scene_43,柳州 话.
Dong Fang Bu Bai.csv_scene_43,云南 话.
Dong Fang Bu Bai.csv_scene_43,贵州 话.
Dong Fang Bu Bai.csv_scene_43,女神 袁洁莹.
Dong Fang Bu Bai.csv_scene_43,2333 好 可爱 的 口音.
Dong Fang Bu Bai.csv_scene_43,老电影 都 这样 字幕 配音 对不上.
Dong Fang Bu Bai.csv_scene_47,哈哈哈哈
Dong Fang Bu Bai.csv_scene_47,瞎说 ， 是 两个 高尔夫.
Dong Fang Bu Bai.csv_scene_47,这样 好好看 ！ ！ ！.
Dong Fang Bu Bai.csv_scene_50,放进 克 2333.
Dong Fang Bu Bai.csv_scene_50,好萌 啊.
Dong Fang Bu Bai.csv_scene_50,就是 这一笑 开启 了 我萌 坛主 X 蓝凤凰 的 cp.
Dong Fang Bu Bai.csv_scene_50,这是 湖南 话 好 么.
Dong Fang Bu Bai.csv_scene_51,统共 就 那 几个 明星 ， 又 是 个 中 翘楚 ， 大巴 捧 着 钻石 豪宅 只为 吃 顿饭 见个面 的.
Dong Fang Bu Bai.csv_scene_51,强行 方言.
Dong Fang Bu Bai.csv_scene_51,让 我 笑 一下.
Dong Fang Bu Bai.csv_scene_51,好 可爱 ~.
Dong Fang Bu Bai.csv_scene_51,其实 这 里面 设定 的 是 湖南 湘西 的话.
Dong Fang Bu Bai.csv_scene_93,还是 大 师兄 一眼 看 出来 是 胭脂 。 。 。 果然 见多识广.
Dong Fang Bu Bai.csv_scene_93,23333333
Dong Fang Bu Bai.csv_scene_117,我 教主 美如画.
Dong Fang Bu Bai.csv_scene_117,跪 舔 教主 香肩.
Dong Fang Bu Bai.csv_scene_117,23333333333 牛 逼.
Dong Fang Bu Bai.csv_scene_117,这 男声 orz.
Dong Fang Bu Bai.csv_scene_120,好美 又 好媚 还 觉得 迷 之 帅气 ， 永恒 的 经典 ！.
Dong Fang Bu Bai.csv_scene_120,令狐冲 被 秒杀 了.
Dong Fang Bu Bai.csv_scene_120,最美 教主.
Dong Fang Bu Bai.csv_scene_120,一句 一个 姑娘 ， 教主 不 气死 hhhh.
Dong Fang Bu Bai.csv_scene_122,令狐冲 … … 渣 ？ ？ ？.
Dong Fang Bu Bai.csv_scene_122,姑娘 233.
Dong Fang Bu Bai.csv_scene_122,鳝 解人意.
Dong Fang Bu Bai.csv_scene_122,东方不败 ： 卧槽 叫 我 什么 ！.
Dong Fang Bu Bai.csv_scene_124,可惜 是 个 傻子.
Dong Fang Bu Bai.csv_scene_124,教主 美如画.
Dong Fang Bu Bai.csv_scene_124,2333333
Dong Fang Bu Bai.csv_scene_124,噗.
Dong Fang Bu Bai.csv_scene_124,无形 撩妹 ， 最为 致命.
Dong Fang Bu Bai.csv_scene_141,别 搞笑 了 ， 当时 丰臣秀吉 被 明朝 打成 了 傻子 … ….
Dong Fang Bu Bai.csv_scene_141,第 6 天 魔王 织田信长 呢.
Dong Fang Bu Bai.csv_scene_141,变弯 了 ， 女神 摸摸 我.
Dong Fang Bu Bai.csv_scene_155,现在 我 知道 了.
Dong Fang Bu Bai.csv_scene_155,女 的 是 诗 诗.
Dong Fang Bu Bai.csv_scene_155,如果 看 了 后来 怎么 会 伤心 成 那样 她 很 忠心 的 好 伐.
Dong Fang Bu Bai.csv_scene_155,机器猫 主题曲 … ….
Dong Fang Bu Bai.csv_scene_175,哈哈哈哈 哈哈哈.
Dong Fang Bu Bai.csv_scene_175,令狐 葱.
Dong Fang Bu Bai.csv_scene_175,看 蓝凤凰 表情 。 。 好萌.
Dong Fang Bu Bai.csv_scene_190,蜜汁 笑.
Dong Fang Bu Bai.csv_scene_190,哈哈 这魔性 的 笑容 ！.
Dong Fang Bu Bai.csv_scene_190,黄飞鸿 十三姨 既视感 啊.
Dong Fang Bu Bai.csv_scene_190,李嘉欣.
Dong Fang Bu Bai.csv_scene_208,23333333
Dong Fang Bu Bai.csv_scene_208,流氓.
Dong Fang Bu Bai.csv_scene_208,龙配 龙.
Dong Fang Bu Bai.csv_scene_208,卧槽 ， 令狐冲 真傻 假 傻 啊.
Dong Fang Bu Bai.csv_scene_210,@ 雪千寻野 男人 已 拐走 教主.
Dong Fang Bu Bai.csv_scene_210,23333333333333333.
Dong Fang Bu Bai.csv_scene_210,点 鼻头 真 宠爱.
Dong Fang Bu Bai.csv_scene_211,带 你 装 B 带 你 飞.
Dong Fang Bu Bai.csv_scene_211,经典 ～.
Dong Fang Bu Bai.csv_scene_211,撩妹 高手.
Dong Fang Bu Bai.csv_scene_211,BL 大戏 啊.
Dong Fang Bu Bai.csv_scene_212,林青霞 真的 很漂亮 啊 ， 比 现在 的 人造美女 好看 多 了.
Dong Fang Bu Bai.csv_scene_212,教主 萌萌 哒.
Dong Fang Bu Bai.csv_scene_212,霸道 教主 爱上 我.
Dong Fang Bu Bai.csv_scene_212,说实话 ， 教主 爱上 令狐冲 总比爱 上 杨莲亭 要 好 啊.
Dong Fang Bu Bai.csv_scene_217,吹箫 这段 太有 味道 了.
Dong Fang Bu Bai.csv_scene_217,教主 太美 了.
Dong Fang Bu Bai.csv_scene_349,一对 百合 一对 基.
Dong Fang Bu Bai.csv_scene_349,泪目.
Dong Fang Bu Bai.csv_scene_349,百合 大法.
Dong Fang Bu Bai.csv_scene_349,这个 时候 出来 这个 音乐 太虐 了 。.
Dong Fang Bu Bai.csv_scene_376,233333333333333333333333333333.
Dong Fang Bu Bai.csv_scene_376,令狐冲 为什么 用 鼻孔 看 我 ？.
Dong Fang Bu Bai.csv_scene_376,23333333333 两位 女孩 纸 表示 不淡定 了.
Dong Fang Bu Bai.csv_scene_392,渣 男.
Dong Fang Bu Bai.csv_scene_392,恨死 令狐冲 了.
Dong Fang Bu Bai.csv_scene_392,刚才 的 眼神 太绝 了 ， 个人感觉 秒杀 绝大多数 的 演员.
Dong Fang Bu Bai.csv_scene_392,妈蛋.
Dong Fang Bu Bai.csv_scene_398,心疼 教主.
Dong Fang Bu Bai.csv_scene_398,令狐冲 ， 真 ， 渣 男.
Dong Fang Bu Bai.csv_scene_398,这样 出血 ， 分 分钟 休克 啊.
Dong Fang Bu Bai.csv_scene_403,舍 了 盈盈 和 小 师妹 ， 与 东方不败 一起 坠下 山崖 ， 令狐冲 到底 爱着 谁 一目了然.
Dong Fang Bu Bai.csv_scene_403,史上 最美 跳崖.
Dong Fang Bu Bai.csv_scene_403,此刻 教主 极致 美丽.
Dong Fang Bu Bai.csv_scene_403,画面 太 美 不忍 直视.
Dong Fang Bu Bai.csv_scene_403,就是 这个 眼神 啊啊啊 啊啊啊 啊 ！ ！ ！ ！ ！ ！ ！.
Dong Fang Bu Bai.csv_scene_404,教主 太美 了 啊啊啊.
Dong Fang Bu Bai.csv_scene_404,真是 风华绝代 ！.
Dong Fang Bu Bai.csv_scene_404,东方不败 真是 绝顶聪明.
fang niu ban de chun tian.csv_scene_52,弄 啥 呀.
fang niu ban de chun tian.csv_scene_52,又 咋样.
fang niu ban de chun tian.csv_scene_52,空耳 哈哈哈 哈哈.
fang niu ban de chun tian.csv_scene_85,大 蠢人 你好.
fang niu ban de chun tian.csv_scene_85,flag
fang niu ban de chun tian.csv_scene_85,2333333333333333
fang niu ban de chun tian.csv_scene_85,光速 打脸.
fang niu ban de chun tian.csv_scene_91,厕所 自带 回音 啊.
fang niu ban de chun tian.csv_scene_91,厕所 效果 好 。 。.
fang niu ban de chun tian.csv_scene_91,2333333333333.
fang niu ban de chun tian.csv_scene_91,这是 小淘气 尼古拉 里 的 爸爸 耶 ！.
fang niu ban de chun tian.csv_scene_95,梁逸峰 。 。 。 。.
fang niu ban de chun tian.csv_scene_95,23333333333333.
fang niu ban de chun tian.csv_scene_95,莫朗奇 这时候 正在 后面 被 人 欺负.
fang niu ban de chun tian.csv_scene_106,233333333333333.
fang niu ban de chun tian.csv_scene_106,萌.
fang niu ban de chun tian.csv_scene_106,内伊 元帅 ， 拿破仑 麾下 名将.
fang niu ban de chun tian.csv_scene_106,现实 中 ， 小佩皮诺 是 前面 演 老年 莫朗杰 的 儿子 ~.
fang niu ban de chun tian.csv_scene_109,23333333333333.
fang niu ban de chun tian.csv_scene_109,小 卷毛 也好 萌.
fang niu ban de chun tian.csv_scene_133,2333333333333.
fang niu ban de chun tian.csv_scene_133,这 眼镜 小孩儿 有点 斗鸡眼.
fang niu ban de chun tian.csv_scene_133,你 就是 那个 填 拿破仑 将军 的 是 吧.
fang niu ban de chun tian.csv_scene_133,这个 好 可爱 啊 哈哈哈哈.
fang niu ban de chun tian.csv_scene_133,魔理沙 2333333.
fang niu ban de chun tian.csv_scene_143,2333333333333.
fang niu ban de chun tian.csv_scene_143,空耳 讓 我 大笑 233333333.
fang niu ban de chun tian.csv_scene_143,你 已经 是 大 蠢人 了 hhh.
fang niu ban de chun tian.csv_scene_143,我 挂 了 ？.
fang niu ban de chun tian.csv_scene_202,热爱 音乐 ， 却 只能 当 数学老师.
fang niu ban de chun tian.csv_scene_202,带 我 玩 23333333333333333.
fang niu ban de chun tian.csv_scene_202,数学老师 潜台词 ： 求带 我 玩 ( 〜 ￣ △ ￣ ) 〜.
fang niu ban de chun tian.csv_scene_202,好 可爱.
fang niu ban de chun tian.csv_scene_204,女神 来 了.
fang niu ban de chun tian.csv_scene_204,233333333333.
fang niu ban de chun tian.csv_scene_204,妈妈 来 了.
fang niu ban de chun tian.csv_scene_209,可别 把 我 卖 了 2333333.
fang niu ban de chun tian.csv_scene_209,妈妈 好美.
fang niu ban de chun tian.csv_scene_223,唯一 的 男中音 2333333.
fang niu ban de chun tian.csv_scene_223,哈哈哈 说好 的 重点 呢.
fang niu ban de chun tian.csv_scene_223,前方 高能.
fang niu ban de chun tian.csv_scene_223,老师 超 可爱 啊.
fang niu ban de chun tian.csv_scene_224,哈哈哈 哈哈 好萌 啊 啊.
fang niu ban de chun tian.csv_scene_224,23333333333.
fang niu ban de chun tian.csv_scene_224,校长 好 可爱 2333.
fang niu ban de chun tian.csv_scene_224,经典 哈哈哈哈.
fang niu ban de chun tian.csv_scene_224,妈呀 我 当初 就是 看 了 这里 的 签名图 才 去 看 的 ！ 太萌 了 ！.
fang niu ban de chun tian.csv_scene_228,校长 好萌.
fang niu ban de chun tian.csv_scene_228,校长 好 可爱 ！.
fang niu ban de chun tian.csv_scene_228,莫名 泪目 QAQ.
fang niu ban de chun tian.csv_scene_228,233333333
fang niu ban de chun tian.csv_scene_287,好人 卡.
fang niu ban de chun tian.csv_scene_287,看到 结局 了.
fang niu ban de chun tian.csv_scene_287,饮料 都 是 绿 的 2333.
fang niu ban de chun tian.csv_scene_287,人生 错觉 の 她 喜欢 我 + 1.
fang niu ban de chun tian.csv_scene_287,23333333333333333333.
fang niu ban de chun tian.csv_scene_293,服务员 你 神补刀 啊.
fang niu ban de chun tian.csv_scene_293,补刀.
fang niu ban de chun tian.csv_scene_293,两杯 饮料 的 你 心多大 啊 233333.
fang niu ban de chun tian.csv_scene_293,蓝莓 你妹 ， 知道 薄荷 酒 吗 ？.
fang niu ban de chun tian.csv_scene_293,2333333333333333.
fang niu ban de chun tian.csv_scene_306,前方 谱架 开口 跪.
fang niu ban de chun tian.csv_scene_306,这 是从 合唱团 里 挑 的 孩子 们 啊.
fang niu ban de chun tian.csv_scene_306,哈哈 忍不住 啊 忍不住 啊.
fang niu ban de chun tian.csv_scene_347,piu.
fang niu ban de chun tian.csv_scene_347,pion.
fang niu ban de chun tian.csv_scene_347,卧槽.
fang niu ban de chun tian.csv_scene_347,好 想 笑 hhhhh.
fang niu ban de chun tian.csv_scene_347,自带 鬼畜 233333333.
fang niu ban de chun tian.csv_scene_347,23333333333333333333.
fang niu ban de chun tian.csv_scene_351,看到 这里 真的 泪目 了 孩子 们 只能 用 这种 方式 和 他们 喜欢 的 老师 告别.
fang niu ban de chun tian.csv_scene_351,看 了 几遍 还是 想 哭.
fang niu ban de chun tian.csv_scene_351,QAQ.
fang niu ban de chun tian.csv_scene_351,qwq.
hard candy.csv_scene_6,微博 被 安利 的.
hard candy.csv_scene_6,从 蜡笔小新 过来 的.
hard candy.csv_scene_6,看 完 洛丽塔 过来 的.
hard candy.csv_scene_6,素媛 过来 的 x.
hard candy.csv_scene_6,有病 吧 ， 爱 哪来 哪来 谁 想 知道.
hard candy.csv_scene_6,我 就是 来看 弹幕 的 ， 但是 也 不带 这样 满屏 啊.
hard candy.csv_scene_7,素媛 真的 好片.
hard candy.csv_scene_7,我 从 东土 大唐 来 的.
hard candy.csv_scene_7,洛丽塔 + 1.
hard candy.csv_scene_7,王者 荣耀 过 的 ， 哈哈.
hard candy.csv_scene_19,有点像 黄晓明 … 是 我 一个 人 的 错觉 吗.
hard candy.csv_scene_19,这 男 的 是 招魂 里面 的.
hard candy.csv_scene_19,哈哈哈 哈哈.
hard candy.csv_scene_37,woc 腹肌.
hard candy.csv_scene_37,暂停 成功.
hard candy.csv_scene_37,人 鱼线 的 女孩子 的 叫 马甲 线.
hard candy.csv_scene_37,招魂 男主.
hard candy.csv_scene_37,好白.
hard candy.csv_scene_43,sm 吗.
hard candy.csv_scene_43,卧槽.
hard candy.csv_scene_43,感觉 妹子 故意 的 啊.
hard candy.csv_scene_43,lightman 说 过 这样 向 后 缩脸 表示 厌恶 ！.
hard candy.csv_scene_62,为什么 变蓝 咧.
hard candy.csv_scene_62,23333.
hard candy.csv_scene_62,变 了 吗.
hard candy.csv_scene_62,大家 玩 颜色 玩 的 好 嗨 啊 （ 我 也 是 ）.
hard candy.csv_scene_63,哈哈哈哈.
hard candy.csv_scene_63,螺丝起子 … … 一 脑子 的 doctor.
hard candy.csv_scene_63,蓝色 哦.
hard candy.csv_scene_154,我能 反杀.
hard candy.csv_scene_154,哈哈哈 哈哈哈.
hard candy.csv_scene_154,女主 ： 我 就 静静地 看着 你 装 ಥ _ ಥ.
hard candy.csv_scene_154,女主 : mdzz.
hard candy.csv_scene_154,心理战术 没用 的 哥们儿.
hard candy.csv_scene_156,男主 : 我能 反杀.
hard candy.csv_scene_156,好 演技.
hard candy.csv_scene_156,男主好 蠢 哈哈哈 ， 自 以为 很 厉害.
hard candy.csv_scene_156,2333333333.
hard candy.csv_scene_158,233333 尴尬 死 哈哈哈.
hard candy.csv_scene_158,女主 ： 我 的 内心 毫无 波动 ， 甚至 还 有点 想 笑.
hard candy.csv_scene_177,被 男主 撞墙 上 了.
hard candy.csv_scene_177,看得 我 都 疼 了 ， 心疼 女主.
hard candy.csv_scene_177,要是 男主是 个 大胡子 邋遢 的 胖 大叔 ， 就 不会 有 说 心疼 男主 的 了.
hard candy.csv_scene_181,卧槽.
hard candy.csv_scene_181,直播 割 鸡鸡.
hard candy.csv_scene_181,还 没 死 ？
hard candy.csv_scene_181,( * ・ ω ・ ) ✄ ╰ ひ ╯.
hard candy.csv_scene_183,( * ・ ω ・ ) ✄ ╰ ひ ╯.
hard candy.csv_scene_183,姿势 美如画 ( * ・ ω ・ ) ✄ ╰ ひ ╯.
hard candy.csv_scene_184,弹幕 好 可怕.
hard candy.csv_scene_184,哈哈哈 哈哈 满 屏幕 切 鸡鸡.
hard candy.csv_scene_190,( * ・ ω ・ ) ✄ ╰ ひ ╯.
hard candy.csv_scene_190,哈哈哈 哈哈 波兰 斯基.
hard candy.csv_scene_190,天 哪 手术 服.
hard candy.csv_scene_193,哈哈哈 哈哈哈.
hard candy.csv_scene_193,(   * ・ ω ・ ) ✄ ╰ ひ ╯.
hard candy.csv_scene_193,说 同情 男主 的 去 看看 素媛 和 熔炉 ， 恕我直言 恋童 癖 就 该 原地 螺旋 爆炸.
hard candy.csv_scene_204,男主 ： 我 又 要 反杀 了.
hard candy.csv_scene_204,8 ＜.
hard candy.csv_scene_204,( * ・ ω ・ ) ✄ ╰ ひ ╯.
hard candy.csv_scene_204,赶快 剪 鸡鸡.
hard candy.csv_scene_212,(   * ・ ω ・ ) ✄ ╰ ひ ╯.
hard candy.csv_scene_212,233333333333.
hard candy.csv_scene_219,风油精.
hard candy.csv_scene_219,这 是 剃 毛 的 声音.
hard candy.csv_scene_219,哈哈.
hard candy.csv_scene_220,这酸爽 !.
hard candy.csv_scene_220,2333333333333.
hard candy.csv_scene_220,我 的 鬼畜 抖 S 心理 被 男主 彻底 唤醒 了.
hard candy.csv_scene_230,丁丁 历险记.
hard candy.csv_scene_230,其实 你 只要 不性 侵 幼童 ， 萝莉控 ， 恋童 癖 ， 都 没有 错 ， 每个 人 都 有恋童 癖 。.
hard candy.csv_scene_230,每个 人 都 有恋童 癖 那个 ， 啊 哈哈哈 哈哈哈 ， 别扯 我 好 吗.
hard candy.csv_scene_230,心理学 定义 恋童 癖 是 必须 只能 对 儿童 产生 性冲动 并且 严重 影响 生活.
hard candy.csv_scene_230,我 有 恋叔 癖.
hard candy.csv_scene_247,说 女主 心理 有 问题 的 我 把 你 朋友 奸杀 了 再 把 你 约 出来 奸 你 你 很 开心 是 吧.
hard candy.csv_scene_247,演技 爆炸 ！ ！ ！ ！ ！ ！.
hard candy.csv_scene_247,丁丁 历险记.
hard candy.csv_scene_247,看 他 哭 成 这样 ， 我 好 心疼 这个 大叔.
hard candy.csv_scene_247,快 醒醒 吧 ， 男主 一点儿 也 不 可怜 ， 他 不知 恋童 还 奸杀 啊 ， 你们 是不是 疯 了.
hard candy.csv_scene_251,被 侵犯 的 女人 ／ 女孩 也 会 这么 喊 吧.
hard candy.csv_scene_251,让 我 想到 土拨鼠 的 呐喊.
hard candy.csv_scene_251,233333333333.
hard candy.csv_scene_251,对不起 我 笑 了.
hard candy.csv_scene_251,哎 男主 真可怜 … 女主 赶紧 阉 了 他.
hard candy.csv_scene_253,( * ・ ω ・ ) ✄ ╰ ひ ╯.
hard candy.csv_scene_253,是 啊 好 心疼 ， 所以 长痛 不如 短痛 ， 快 阉 了 吧.
hard candy.csv_scene_253,lostriver ? ? ！.
hard candy.csv_scene_253,好 吵 还是 剪 了 吧.
hard candy.csv_scene_256,哈哈哈哈 哈哈哈 哈哈哈.
hard candy.csv_scene_256,生 无可 恋.
hard candy.csv_scene_256,( * ・ ω ・ ) ✄ ╰ ひ ╯.
hard candy.csv_scene_267,， ， ， 留 一个 ？ ， hhhh 笑 到 不能自已.
hard candy.csv_scene_267,是 希特勒 不是 辛德勒.
hard candy.csv_scene_267,孤睾 战士.
hard candy.csv_scene_269,全新 世界 笑 死 哈哈哈哈.
hard candy.csv_scene_269,哈哈哈哈 走路 走不直 ！ 神吐槽 哈哈哈 哈哈哈.
hard candy.csv_scene_269,贤者 模式.
hard candy.csv_scene_270,真的 女主 语气 特别 像 接生 哇 哦 是 个 男孩.
hard candy.csv_scene_270,新世界 BGM.
hard candy.csv_scene_270,哈哈哈哈 哈哈哈哈.
hard candy.csv_scene_278,哈哈哈哈 哈哈哈.
hard candy.csv_scene_278,喂 你 吃掉 吧.
hard candy.csv_scene_278,笑 尿.
hard candy.csv_scene_278,男主 处于 即将 崩溃 的 状态.
hard candy.csv_scene_278,这 两人 演技 超神.
hard candy.csv_scene_308,看 男主 这样 我 真是 笑 死 了 大快人心 哈哈哈.
hard candy.csv_scene_308,哈哈哈 哈哈哈 哈哈哈 男主 攥 着 一把 小刀 爬出来 了 ！ ！ 我 还 能 反杀 ！ ！.
hard candy.csv_scene_308,干 大事 的 我 也 这么 觉得 ， 这么 好 的 脑子 不干 大事 可惜 了.
hard candy.csv_scene_308,哈哈哈.
hard candy.csv_scene_308,突然 同情 男主.
hard candy.csv_scene_309,23333333333.
hard candy.csv_scene_309,注意 看 右下角 的 图片.
hard candy.csv_scene_309,为 恋童 癖 洗白 的 自己 打脸.
hard candy.csv_scene_322,公主 日记 里面 的 老师.
hard candy.csv_scene_322,啊啊啊 yang.
hard candy.csv_scene_322,杨.
hard candy.csv_scene_322,林永健 ？
hard candy.csv_scene_385,告诉 我 男主 最后 死 没有.
hard candy.csv_scene_385,机智 的 女主.
hard candy.csv_scene_385,你 听到 的 男主 的 呻吟 是 绳子 绷住 时候 的 声音 ，.
hard candy.csv_scene_385,绳子 没 绷紧.
hard candy.csv_scene_385,说 没 看 懂 的 我 也 是 醉 了.
hard candy.csv_scene_385,小红帽 战胜 大灰狼 。.
kill bill.csv_scene_9,前方 高能 ， 耳机 调低 音量.
kill bill.csv_scene_9,吓死 宝宝 了.
kill bill.csv_scene_10,吓 得 我虎躯 一震.
kill bill.csv_scene_10,卧槽 ， 我 在 掏 耳屎 好 吗.
kill bill.csv_scene_10,解 皮带 的 别 走 ！.
kill bill.csv_scene_11,吓 得 我 媳妇 虎躯 一震.
kill bill.csv_scene_11,卧槽 吓 我 一 跳.
kill bill.csv_scene_11,这 bgm 我 想到 维密.
kill bill.csv_scene_11,bangbang.
kill bill.csv_scene_34,为什么 消音 。 。 。.
kill bill.csv_scene_34,hhhhhh 暖 暖.
kill bill.csv_scene_54,吓 老子 一跳.
kill bill.csv_scene_54,这么 近 也 能 打 偏 … … 怪不得 只 夸 你 会 用 刀 2333.
kill bill.csv_scene_54,真是 用刀 高手 ， 可惜 你 跟不上 时代 变化 23333.
kill bill.csv_scene_54,好 想 吃 地上 的 麦片 - _ - #.
kill bill.csv_scene_54,麦爹 空 大笑 裂.
kill bill.csv_scene_54,帅 ！.
kill bill.csv_scene_177,23333333.
kill bill.csv_scene_177,对 着 脚趾 讲故事.
kill bill.csv_scene_177,我 靠 怎么 看着 像 温特沃斯 · 米勒.
kill bill.csv_scene_177,变一变 画风 然后 拍 成 动漫 电影.
kill bill.csv_scene_196,哈哈哈哈 哈哈哈 哈哈哈.
kill bill.csv_scene_196,雄霸 ？.
kill bill.csv_scene_199,半藏.
kill bill.csv_scene_199,卧槽.
kill bill.csv_scene_199,服部 ？ ？ ？ ？.
kill bill.csv_scene_199,← 哈哈哈 哈哈.
kill bill.csv_scene_199,那 代价 是 什么.
kill bill.csv_scene_199,守望 屁股 的 那个 暴露 时间 了 hhhh 是 岛 田 啦.
kill bill.csv_scene_269,我 也 是 为了 这个 BGM 来 再 看一遍 的.
kill bill.csv_scene_269,布袋 寅 更 的 日本 战歌.
kill bill.csv_scene_269,碟中谍 里 也 有 这段 音乐.
kill bill.csv_scene_269,卧槽 经典.
kill bill.csv_scene_273,哈哈哈 陈汉典 的 你 别 走 哈哈哈.
kill bill.csv_scene_273,看到 北村 叔 了.
kill bill.csv_scene_303,输出 全靠 吼.
kill bill.csv_scene_303,哈哈哈 哈哈.
kill bill.csv_scene_303,嗷嗷 嗷嗷.
kill bill.csv_scene_303,这些 炮灰 是 来 搞笑 的 吗.
kill bill.csv_scene_303,好 挫.
kill bill.csv_scene_309,GOGO 呢 ？.
kill bill.csv_scene_309,↑ 雷姆 的 别 走.
kill bill.csv_scene_309,说蕾姆 的 暴露 时间.
kill bill.csv_scene_309,你们 都 暴露 了.
kill bill.csv_scene_309,流星锤.
kill bill.csv_scene_313,再 转 一会 就 飞 上天 了.
kill bill.csv_scene_313,陈国汉 233333.
kill bill.csv_scene_313,不会 砸 到头 么.
kill bill.csv_scene_313,一刀 砍断 就 神剧 了.
kill bill.csv_scene_318,23333333333.
kill bill.csv_scene_318,本垒打.
kill bill.csv_scene_318,笑 死 我 了 这个 反弹.
kill bill.csv_scene_318,未能 击穿 敌人 的 装甲 ， 发生 跳弹 ， 击伤 自己 ！.
kill bill.csv_scene_318,卧槽 ， ， ， ， 笑点 低 了 ， ， ，.
kill bill.csv_scene_334,太 血腥 所以 黑白.
kill bill.csv_scene_334,击中 友军 ！.
kill bill.csv_scene_334,斧头帮.
kill bill.csv_scene_334,猪 队友.
kill bill.csv_scene_334,原版 是 彩色 的 哦 ， 说 搞笑 的 ， 去 看看 b 站 日语 中字 那个 版本 就 知道 了.
kill bill.csv_scene_334,233333.
kill bill.csv_scene_351,燕小六.
kill bill.csv_scene_351,哈哈哈哈 哈哈哈.
kill bill.csv_scene_351,23333 笑 死 我 了.
kill bill.csv_scene_351,小六 你 不当 你 的 捕快 来 日本 干 黑帮 这行 了 ?.
kill bill.csv_scene_359,老板娘 你 快 走 吧.
kill bill.csv_scene_359,弹幕 笑 死 我 了.
kill bill.csv_scene_359,哈哈哈哈 哈哈哈 笑 出声.
kill bill.csv_scene_390,河童 即视感.
kill bill.csv_scene_390,汉尼拔 开饭 了.
kill bill.csv_scene_390,全程 靠 神器 ， 这 把 刀 MVP.
kill bill.csv_scene_390,无耻 混蛋 哈哈哈哈.
kill bill.csv_scene_392,和 主角 作对 的 反派 必 死 定律.
kill bill.csv_scene_392,这 事 告诉 我们 装备 重要性.
kill bill.csv_scene_392,脑子 不会 掉 出去 吗.
legend1900.csv_scene_105,哈哈哈哈 哈哈哈.
legend1900.csv_scene_105,说得好.
legend1900.csv_scene_105,厉害 了 我 的 萌.
legend1900.csv_scene_105,卧槽 ， 不 晕船 ？ ？ ？ ？ ？.
legend1900.csv_scene_133,不知 所有 牛奶 都 叫 金典 哈哈哈哈.
legend1900.csv_scene_133,好看 ， 蒙牛.
legend1900.csv_scene_133,hhhh.
legend1900.csv_scene_385,哈哈哈.
legend1900.csv_scene_385,我 的 妈呀 可爱 死 了 ！.
legend1900.csv_scene_385,感觉 这黑 胖子 也 是 个 不错 的 演奏家 只是 1900 太牛 x.
legend1900.csv_scene_457,自私 ？ 你 看不出来 音乐 对 男主 来说 是 唯一 的 亲人 爱人 般的 存在 吗.
legend1900.csv_scene_457,无脑 弹幕 举报 或者 一笑而过 都 可以 喷起来 真的 影响 后面 来 观看 的 人.
legend1900.csv_scene_457,一句 自私 之后 满屏 弹幕 随之而来 莫名 喜感.
legend1900.csv_scene_465,我 不是 VIP 也 可以 用 红色 啊.
legend1900.csv_scene_465,哈哈哈 哈哈.
legend1900.csv_scene_465,唱片 是 物质 社会 的 载体 ， 1900 弹出 的 音符 是 一种 精神 世界 的 象征.
legend1900.csv_scene_490,猥琐 的 钢琴师.
legend1900.csv_scene_490,好 可爱.
legend1900.csv_scene_490,哈哈哈 哈哈哈.
legend1900.csv_scene_490,像 小孩子 一样.
legend1900.csv_scene_491,哈哈哈哈 哈哈哈.
legend1900.csv_scene_491,这个 镜头 有些 可怕.
legend1900.csv_scene_491,阿妹 你 看 ！.
legend1900.csv_scene_491,笑 的 不行 了 。 哈哈.
legend1900.csv_scene_506,没 下船 他 一直 在 船上.
legend1900.csv_scene_506,我家 巧克力 都 比 它 硬 我家 巧克力 都 比 它 硬.
legend1900.csv_scene_506,他 没有 身份证明.
legend1900.csv_scene_506,好脆 的 碟.
legend1900.csv_scene_511,bang !.
legend1900.csv_scene_511,老头 MDZZ 吓 我 一 跳.
legend1900.csv_scene_511,我 是 这 老头 一定 开枪 ， 妈 的 ， 吓 老子 。.
legend1900.csv_scene_511,哈哈哈哈 好 可爱.
legend1900.csv_scene_511,bangbangbang.
legend1900.csv_scene_512,他 想 把 老头 吓死.
legend1900.csv_scene_512,哈哈哈 哈哈哈.
legend1900.csv_scene_512,他 的 目的 其实 是 吓死 店主 然后 偷走 小号 和 碟子 哈哈哈.
legend1900.csv_scene_512,吓 老子 一跳 23333333.
legend1900.csv_scene_513,笑 死 我 了 ! !.
legend1900.csv_scene_513,吓 着 老大爷 了.
legend1900.csv_scene_601,下船 吧 ！ 求 你 了 ！.
legend1900.csv_scene_601,本来 可以 控制 住 的 ， 看 弹幕 泪目 了.
legend1900.csv_scene_601,感觉 就 像是 ， 如若 泰坦尼克号 上 所有人 都 活 下来 了 ， 也 就 没有 原来 的 味道 了.
legend1900.csv_scene_601,只要 你 还有 一个 好 故事 和 一个 能 倾诉 的 人 ， 你 的 人生 就 不会 玩蛋.
legend1900.csv_scene_648,泪目.
legend1900.csv_scene_648,QAQ.
legend1900.csv_scene_648,bye1900.
legend1900.csv_scene_648,NO ! ! !.
legend1900.csv_scene_659,人生 啊 ， 也 就是 一场 电影 ， 不过如此 了 。.
legend1900.csv_scene_659,果然 有 一个 好 故事 就 不会 完蛋.
legend1900.csv_scene_660,好 棒 的 故事 那种 归宿感 好 电影.
legend1900.csv_scene_660,海上 钢琴师 。.
legend1900.csv_scene_661,选修课 的 站住 ！.
legend1900.csv_scene_661,阿长 ， 我 喜欢 你 。.
legend1900.csv_scene_661,看 了 两天 看 完.
legend1900.csv_scene_662,上海 钢琴师.
legend1900.csv_scene_662,再见.
legend1900.csv_scene_663,呜呜 呜呜 呜呜 哇 死 了 为什么 死 了 呜呜.
legend1900.csv_scene_663,我 还是 觉得 羡慕 1900 啊 ！ 我 羡慕 他 的 孤独 。 大概 卢狗 你 不会 懂.
legend1900.csv_scene_663,二刷.
legend1900.csv_scene_664,再见 了 1900.
legend1900.csv_scene_664,向 无名 的 伟人 致敬.
legend1900.csv_scene_665,刚 日期 都 写错 了.
legend1900.csv_scene_665,没看 懂.
legend1900.csv_scene_665,看着 镜中 的 自己 ， 我 开始 思考 人生 的 意义 … ….
notebook.csv_scene_6,好好 的 一 电影 ， 被 你们 这些 表白 的 搞 的 … … … ….
notebook.csv_scene_6,表白 都 分手.
notebook.csv_scene_6,表白 的 有 病.
notebook.csv_scene_6,陈子 睿 我 喜欢 你.
notebook.csv_scene_6,飒飒 ， 我爱你.
notebook.csv_scene_6,一言不合 开启 表白 模式 ？.
notebook.csv_scene_7,高 司令 我 特妈 爱 你.
notebook.csv_scene_7,谢洁冰 我 还 想 你.
notebook.csv_scene_7,前面 的 ， 灿烈 是 我 的.
notebook.csv_scene_7,可以 屏蔽 弹幕 惹.
notebook.csv_scene_67,说 笑 的 像 马婷 的 你 站住 我们 好好 聊聊.
notebook.csv_scene_67,女主 笑声 好 魔性.
notebook.csv_scene_67,高 司令 又 来 了 哈哈哈 ！ 动不动 就 邀请 人 在 大街 上尬 舞.
notebook.csv_scene_70,自动 脑补 cityofstars.
notebook.csv_scene_70,不如 跳舞.
notebook.csv_scene_70,街舞 哈哈哈哈 哈哈哈哈.
notebook.csv_scene_101,斯大林 哈哈哈哈 哈哈哈哈 哈哈哈 一秒 出戏.
notebook.csv_scene_101,斯大林 还是 高尔基 ？.
notebook.csv_scene_101,鲁迅 ！ ！ ！.
notebook.csv_scene_141,女主 紧张 了 吗 蜜汁 尴尬 红红火火 恍恍惚惚 红红火火.
notebook.csv_scene_141,哈哈哈哈 哈哈哈.
notebook.csv_scene_141,话 好多 啊 哈哈.
notebook.csv_scene_141,软 了 hhhh.
notebook.csv_scene_237,23333333 你 才 是 疯子.
notebook.csv_scene_237,哈哈哈哈 好 可爱 啊.
notebook.csv_scene_320,诺亚方舟.
notebook.csv_scene_320,他们 开始 笑 而 我 却 哭 了 ( ๑ १ д १ ).
notebook.csv_scene_320,莫名 的 悲伤 ， 配乐 点赞.
notebook.csv_scene_320,奥列格 是 你 吗.
notebook.csv_scene_320,借着 下雨 终于 可以 哭 了.
notebook.csv_scene_320,头发 上去 像 凯恩 ～ 下来 米楚 ～ 梅西 没 这么 帅.
notebook.csv_scene_392,突然 感觉 男主 好像 破产 姐妹 里 的 奥列格 ….
notebook.csv_scene_392,感觉 男二是 小 鲜肉.
notebook.csv_scene_392,哈哈哈哈 哈哈哈.
notebook.csv_scene_423,尼玛 ， 我要 哭 了.
notebook.csv_scene_423,这 BGM 太 催泪 了 爸.
notebook.csv_scene_423,心疼 男二.
notebook.csv_scene_423,感人.
notebook.csv_scene_423,鸡皮疙瘩.
notebook.csv_scene_424,妈 的 我 竟然 哭 了.
notebook.csv_scene_424,我为 男二续 两秒.
notebook.csv_scene_424,瞬间 泪崩.
notebook.csv_scene_471,我 哭 了 ， 前边 一直 没哭 ， 这里 哭 了.
notebook.csv_scene_471,年轻 时候 不 觉得 感动 ， 反而 是 老 了 之后 ， 好 感动.
notebook.csv_scene_471,天下 有情人终成眷属.
notebook.csv_scene_472,哭 死 我 了.
notebook.csv_scene_472,泪崩.
notebook.csv_scene_472,未来 的 那个 人 我爱你.
notebook.csv_scene_472,说 死就死 了 吗 。 。 。 。.
notebook.csv_scene_474,愿 有情人终成眷属.
notebook.csv_scene_474,愿 我 也 能 和 所 爱 的 人 相伴 一生.
notebook.csv_scene_474,小蕊蕊 ， 我爱你.
notebook.csv_scene_474,以后 不再 喜欢 你 了 因为 你 要 的 不是 我.
notebook.csv_scene_474,真的 无语 了 竟然 说 是 男二 你 也 知道 是 男二 啊.
notebook.csv_scene_475,希望 我 可以 快点 遇到 你 我会 好好 努力.
notebook.csv_scene_475,我爱你 赵佐.
notebook.csv_scene_475,这个 故事 太美 了 嘤 嘤 嘤.
notebook.csv_scene_475,虽然 我 没有 哭 但是 我 很 感动 ， 我 希望 我 以后 也 能 拥有 这样 的 爱情.
notebook.csv_scene_475,哭 死 我 了.
notebook.csv_scene_475,表示 泪点 在 哪.
notebook.csv_scene_475,为什么 分手 快 三年 了 ， 看 这样 的 电影 还是 想起 你.
notebook.csv_scene_477,嫁给 爱情.
notebook.csv_scene_477,好 想 有 一个 人 对 我 也 这样 ， 好 想 拥有 这般 的 爱情.
notebook.csv_scene_477,我 居然 哭 了.
notebook.csv_scene_477,未来 的 自己 希望 你 能 找到 幸福 。.
notebook.csv_scene_478,哭 死.
notebook.csv_scene_478,哥哥 喵 喵 爱 你.
notebook.csv_scene_478,泪点 不 高 没 哭 不 感同身受 万年 单身 狗 一只.
tifiny breakfast.csv_scene_12,潘长江.
tifiny breakfast.csv_scene_12,233333333333.
tifiny breakfast.csv_scene_12,银饰 不会 掉色 的 好 吗 ？ 是 氧化 变色 了.
tifiny breakfast.csv_scene_20,真 有点像 潘长江 23333.
tifiny breakfast.csv_scene_20,吴雨翔 ┼ 1.
tifiny breakfast.csv_scene_20,这是 赫本 所有 电影 里 我 最 喜欢 的 一个 男主.
tifiny breakfast.csv_scene_20,女神.
tifiny breakfast.csv_scene_54,23333333333333.
tifiny breakfast.csv_scene_54,只有 我 觉得 这样 吹口哨 的 女神 很炫酷 吗 哈哈哈 哈哈 想 学.
tifiny breakfast.csv_scene_54,香水 别人 肯定 会 比 你 知道 怎么 喷 的.
tifiny breakfast.csv_scene_54,男主 很 绅士.
tifiny breakfast.csv_scene_74,23333333333333333333333333333.
tifiny breakfast.csv_scene_74,一看 就 不是 什么 正经 字幕组 2333333333333.
tifiny breakfast.csv_scene_74,就算 再 像 气质 也 差 了 8 条街 ， 再说 了 根本 不像.
tifiny breakfast.csv_scene_74,抽根烟 屁大 点事 。 。 。.
tifiny breakfast.csv_scene_96,梦话 居然 如此 清晰 。 。 。.
tifiny breakfast.csv_scene_96,。 。 。 。 浮夸 的 演技.
tifiny breakfast.csv_scene_96,演技 贼 假 ， 还是 那个 年代 特色 如此.
tifiny breakfast.csv_scene_96,废话 ， 没盖 被子 当然 冷.
tifiny breakfast.csv_scene_96,好假.
tifiny breakfast.csv_scene_96,233333333333.
tifiny breakfast.csv_scene_98,男主 一脸 懵 逼.
tifiny breakfast.csv_scene_98,什么 鬼.
tifiny breakfast.csv_scene_98,蜜汁 尴尬.
tifiny breakfast.csv_scene_98,哈哈哈 哈哈哈.
tifiny breakfast.csv_scene_98,暂停 成功.
tifiny breakfast.csv_scene_98,白色 以示 纯洁 。 不要 打 我.
tifiny breakfast.csv_scene_124,23333333333333333333.
tifiny breakfast.csv_scene_124,看不懂 的 发 的 弹幕 让 我们 这些 真爱 粉情 何以堪.
tifiny breakfast.csv_scene_222,医生 也 挺 可怜 的 还有 帮 照顾 弟弟.
tifiny breakfast.csv_scene_222,医生 人 很 好 的 ， 从来 没逼过 她 ， 向 她 求婚 人家 也 答应 了 啊.
tifiny breakfast.csv_scene_222,心疼 医生.
tifiny breakfast.csv_scene_222,医生 可怜 什么 ， 一个 十四 的 孩子 都 不放过.
tifiny breakfast.csv_scene_284,233333333333333333.
tifiny breakfast.csv_scene_284,你 TM 在 逗我 ？.
tifiny breakfast.csv_scene_284,这个 售货员 是 黄昏 之恋 里面 的 那个 戴绿帽 的 丈夫 哈哈哈 哈哈.
tifiny breakfast.csv_scene_284,十块钱 你 买 个 铲 铲 ！.
tifiny breakfast.csv_scene_284,两个 神经病 哈哈哈哈.
tifiny breakfast.csv_scene_303,正在 毁 三观.
tifiny breakfast.csv_scene_303,以免 得手 生 23333.
tifiny breakfast.csv_scene_303,脸好 脸 好 做 什么 都 可以 原谅 哈哈哈.
tifiny breakfast.csv_scene_303,女神 你 这样 好 吗 ？.
tifiny breakfast.csv_scene_306,23333333.
tifiny breakfast.csv_scene_306,裤裆 藏 喇叭.
tifiny breakfast.csv_scene_310,太 明显 了 吧.
tifiny breakfast.csv_scene_310,2333333333.
tifiny breakfast.csv_scene_313,尴尬 癌 又 犯 了.
tifiny breakfast.csv_scene_313,笑 死 我 了.
tifiny breakfast.csv_scene_313,偷 啥 不好 偷 面具.
tifiny breakfast.csv_scene_313,哈哈哈哈 哈哈哈哈 哈哈哈.
tifiny breakfast.csv_scene_319,233333333333333.
tifiny breakfast.csv_scene_319,眼睛 好好看 啊.
tifiny breakfast.csv_scene_323,2333333333.
tifiny breakfast.csv_scene_323,猫 跑 了 神作.
tifiny breakfast.csv_scene_410,233333333.
tifiny breakfast.csv_scene_439,猫猫 好 可怜.
tifiny breakfast.csv_scene_439,心疼 大 喵.
tifiny breakfast.csv_scene_439,猫咪 神 演技.
tifiny breakfast.csv_scene_439,猫 给 我 我 要 把.
tifiny breakfast.csv_scene_439,QAQ.
ye man ren luo na er.csv_scene_6,哈哈哈哈.
ye man ren luo na er.csv_scene_6,丰胸 ？.
ye man ren luo na er.csv_scene_6,← ← ← 我天 ， 这 不 光头 强 吗 ？.
ye man ren luo na er.csv_scene_10,gay 里 gay 气.
ye man ren luo na er.csv_scene_10,确定 不是 比利 王 ？.
ye man ren luo na er.csv_scene_10,蜜汁 突起 × 2.
ye man ren luo na er.csv_scene_10,好污.
ye man ren luo na er.csv_scene_10,哲学 ？.
ye man ren luo na er.csv_scene_10,以前 似乎 看过.
ye man ren luo na er.csv_scene_10,基佬 兄贵.
ye man ren luo na er.csv_scene_10,23333333333.
ye man ren luo na er.csv_scene_11,胸口 碎 大石 ， 没 毛病.
ye man ren luo na er.csv_scene_11,胸器.
ye man ren luo na er.csv_scene_11,哈哈哈 哈哈.
ye man ren luo na er.csv_scene_11,感觉 比 香肠 派对 污.
ye man ren luo na er.csv_scene_11,撕书 233.
ye man ren luo na er.csv_scene_42,抖 m.
ye man ren luo na er.csv_scene_42,2333333333333.
ye man ren luo na er.csv_scene_42,VAN ~ VAN ~ VAN ~ VAN ~ VAN ~ VAN ~.
ye man ren luo na er.csv_scene_42,求 药水 。 进女 澡堂 。 嘿嘿嘿 。 咳咳 咳 咳 咳.
ye man ren luo na er.csv_scene_43,SM.
ye man ren luo na er.csv_scene_43,乳环 的 我服.
ye man ren luo na er.csv_scene_43,卧槽.
ye man ren luo na er.csv_scene_43,dark の 势力.
ye man ren luo na er.csv_scene_43,打 自己 干 啥.
ye man ren luo na er.csv_scene_53,哈哈哈 哈哈.
ye man ren luo na er.csv_scene_53,直接 对 着 桶 喊 都 比 吹 声音 大 吧 ＝ ＝.
ye man ren luo na er.csv_scene_60,哈哈哈 ， 挤奶 龙爪 手.
ye man ren luo na er.csv_scene_60,夺命 追魂 捏.
ye man ren luo na er.csv_scene_60,卧槽.
ye man ren luo na er.csv_scene_60,男主是 真 废 啊 … 好好 一个 部落 就 这么 团灭 了 ….
ye man ren luo na er.csv_scene_69,没 忍住 笑 了 hhhh.
ye man ren luo na er.csv_scene_69,一群 zz 都 放 了 快 四分之一 了 ， 还 在 讨论 什么 语言.
ye man ren luo na er.csv_scene_93,ex 咖喱 棒.
ye man ren luo na er.csv_scene_93,白帝 圣剑 ， 华夏 第一 剑 ， 御剑 跟着 我.
ye man ren luo na er.csv_scene_93,火 之 高兴.
ye man ren luo na er.csv_scene_93,王者 之剑.
ye man ren luo na er.csv_scene_93,多兰 剑.
ye man ren luo na er.csv_scene_104,233333333.
ye man ren luo na er.csv_scene_104,卧槽 ， 爆灯 了.
ye man ren luo na er.csv_scene_104,对不起 我 笑 了 ⊙ ω ⊙ 哈哈.
ye man ren luo na er.csv_scene_126,跟上 ， 快点 啦.
ye man ren luo na er.csv_scene_126,哈哈哈哈 哈哈哈 没 问题.
ye man ren luo na er.csv_scene_126,精灵 族 弓箭手.
ye man ren luo na er.csv_scene_126,主角 弱鸡 然后 历练 最后 神眷 都 是 一个 尿性.
ye man ren luo na er.csv_scene_126,女主 看起来 像 跟 野蛮 族 有 仇.
ye man ren luo na er.csv_scene_132,23333333333.
ye man ren luo na er.csv_scene_132,菊花 一 紧.
ye man ren luo na er.csv_scene_132,我 觉得 欧洲 ， 尤其 是 北欧 ， 根本就是 各种 方言.
ye man ren luo na er.csv_scene_135,于谦 的 笑 死 了.
ye man ren luo na er.csv_scene_135,15 倍 笑 死 我 了.
ye man ren luo na er.csv_scene_135,抽烟 喝酒 烫头.
ye man ren luo na er.csv_scene_141,卧槽.
ye man ren luo na er.csv_scene_141,233333 我 觉得 精灵 男 在 撩 他 ， 脑补 一万 字 小 黄文.
ye man ren luo na er.csv_scene_141,23333333333333333.
ye man ren luo na er.csv_scene_141,一股 子 基佬 的 气息 = 皿 =.
ye man ren luo na er.csv_scene_158,悟空.
ye man ren luo na er.csv_scene_158,西游记 ？.
ye man ren luo na er.csv_scene_158,这个 反派 的 头盔 很长 啊 ， 我 有点 跳戏 ， 感觉 里面 有 一只 皮皮虾.
ye man ren luo na er.csv_scene_158,元首 加 2.
ye man ren luo na er.csv_scene_162,蜥蜴 ： MDZZ.
ye man ren luo na er.csv_scene_162,233333333333333.
ye man ren luo na er.csv_scene_184,2333333.
ye man ren luo na er.csv_scene_184,这是 MM 豆 被 黑 的 最惨 的 一次.
ye man ren luo na er.csv_scene_184,对 着 蛋蛋 ！ 开炮 ！.
ye man ren luo na er.csv_scene_186,雕像 有 吊.
ye man ren luo na er.csv_scene_186,23333333333333.
ye man ren luo na er.csv_scene_193,丁丁 历险记.
ye man ren luo na er.csv_scene_193,蛋蛋 是 本体.
ye man ren luo na er.csv_scene_193,233333333.
ye man ren luo na er.csv_scene_198,我 去 好 疼 啊 看着.
ye man ren luo na er.csv_scene_198,前列腺 刹车.
ye man ren luo na er.csv_scene_198,2333333.
ye man ren luo na er.csv_scene_198,tm 笑 死 我 了.
ye man ren luo na er.csv_scene_198,蛋蛋 的 忧桑.
ye man ren luo na er.csv_scene_198,他 那里 好像 强化 过 … ….
ye man ren luo na er.csv_scene_198,握草.
ye man ren luo na er.csv_scene_219,哈哈哈 哈哈.
ye man ren luo na er.csv_scene_219,我 一定 是 遇到 了 假 的 精灵.
ye man ren luo na er.csv_scene_233,要 被 榨干 ？.
ye man ren luo na er.csv_scene_233,2333333333333.
ye man ren luo na er.csv_scene_233,啪啪 啪.
ye man ren luo na er.csv_scene_233,卧槽.
ye man ren luo na er.csv_scene_233,才 注意 到 女王 的 手上 是 个 ♀.
ye man ren luo na er.csv_scene_233,然后 男主 开始 了 后宫 之 路.
ye man ren luo na er.csv_scene_247,霸道 总裁 hhhh 原来 女主 不是 女主.
ye man ren luo na er.csv_scene_247,233333.
ye man ren luo na er.csv_scene_247,你 是 我 的 人 啦 ！ ！ ！ 大 魔王 也 有 七情六欲 啊 哈哈哈.
ye man ren luo na er.csv_scene_247,神 tm 反派.
ye man ren luo na er.csv_scene_247,卧槽 ， 突然 觉得 王子 挺 有趣 的 。 。 。.
ye man ren luo na er.csv_scene_247,心机 boy.
ye man ren luo na er.csv_scene_247,猝不及防 ， 一口 狗 粮.
ye man ren luo na er.csv_scene_297,多米诺骨牌 ！ ！ ！.
ye man ren luo na er.csv_scene_297,2333.
ye man ren luo na er.csv_scene_297,男主 的 毁灭 天赋.
ye man ren luo na er.csv_scene_298,卧槽.
ye man ren luo na er.csv_scene_298,双龙 出海 ！.
ye man ren luo na er.csv_scene_298,好 疼 啊 … ….
ye man ren luo na er.csv_scene_298,23333333333.
ye man ren luo na er.csv_scene_311,卧槽 还会 略略 略 23333 吊吊 吊.
ye man ren luo na er.csv_scene_311,2333333333.
ye man ren luo na er.csv_scene_311,这 不 就是 开头 被 勇士 打败 的 魔王 吗.
ye man ren luo na er.csv_scene_311,这 是 舔 币 的 手势.
ye man ren luo na er.csv_scene_311,卧槽 ， 还 卖萌 → _ →.
ye man ren luo na er.csv_scene_320,哈哈哈 哈哈哈.
ye man ren luo na er.csv_scene_320,德玛 西亚.
ye man ren luo na er.csv_scene_320,哈哈哈哈 ， 我 就 知道.
ye man ren luo na er.csv_scene_328,弹幕 笑 死 了 ！ 我 是 怠惰 啊 哈哈哈.
ye man ren luo na er.csv_scene_328,23333333333.
ye man ren luo na er.csv_scene_328,最 怕 空气 突然 安静.
ye man ren luo na er.csv_scene_328,延迟 的 笑 死.
ye man ren luo na er.csv_scene_328,育碧 服务器 瞬间 出戏.
ye man ren luo na er.csv_scene_328,感谢 那些 提醒 亮度 的 高能 君.
ye man ren luo na er.csv_scene_328,我 的 眼睛 啊啊啊 啊 啊.
ye man ren luo na er.csv_scene_329,哈哈哈哈 哈哈哈 育碧 服务器 高 ping 魔王 满分.
ye man ren luo na er.csv_scene_329,这个 boss 是 为 主角 而生 的.
ye man ren luo na er.csv_scene_329,反射弧 有点 长.
ye man ren luo na er.csv_scene_338,哈哈哈哈 哈哈哈.
ye man ren luo na er.csv_scene_338,小伙伴 们 ， 没有 彩蛋 。 。 。.
ye man ren luo na er.csv_scene_338,哲学.
ye man ren luo na er.csv_scene_338,看过 了 香肠 派对.
ye man ren luo na er.csv_scene_339,我 居然 看 完 了.
ye man ren luo na er.csv_scene_339,这个 和 香肠 那个 比 真的 不算 污 。 。 。.
ye man ren luo na er.csv_scene_339,确认 存活.
ye man ren luo na er.csv_scene_339,bgm 好熟 。 。 。.
ye man ren luo na er.csv_scene_339,最 好看 的 是 结尾曲 ( ￣ ε ( # ￣ ) ☆ ╰ ╮ o ( ￣ 皿 ￣ / / / ).
ye man ren luo na er.csv_scene_339,亚马逊 的 女 人们 还 在 等 着 你 呐 ， 诗人.
ye man ren luo na er.csv_scene_340,存活 确认 ？.
ye man ren luo na er.csv_scene_340,… … 太魔性 了 … ….
ye man ren luo na er.csv_scene_340,想 知道 亚马逊 后来 怎么 了 + 1.
ye man ren luo na er.csv_scene_340,骷髅头 莫名 带感.
yi ji hui yi lu.csv_scene_58,日语 看多 了 ， 已经 听不来 英文 了.
yi ji hui yi lu.csv_scene_58,前面 的 说 bgm 像 末代皇帝 的 ， 原因 是 作曲家 都 是 同一个 人 — — 莫利 康内.
yi ji hui yi lu.csv_scene_58,这 姑娘 怎么 可以 这么 好看 ！ ！ ！ ！.
yi ji hui yi lu.csv_scene_58,这个 老太太 是 惊天 魔 盗团 的 天眼.
yi ji hui yi lu.csv_scene_58,如果 口音 没 问题 的话 尴尬 感 不会 那么 重.
yi ji hui yi lu.csv_scene_58,为了 突出 这是 日本 题材 ， 才 故意 让 老人 角色 操 日式 口音 。 前面 红字 笑 死 了.
yi ji hui yi lu.csv_scene_58,千代 像 小 巩俐.
yi ji hui yi lu.csv_scene_60,哈哈哈 练习生 别 走 看 前辈 脸色 用 的 东西 都 是 前辈 赚 的 钱.
yi ji hui yi lu.csv_scene_60,小 南瓜 有 特点 一点.
yi ji hui yi lu.csv_scene_60,关闭 弹幕 食用 风味 更佳.
yi ji hui yi lu.csv_scene_158,萝莉 好 美 啊啊啊.
yi ji hui yi lu.csv_scene_158,看 哭.
yi ji hui yi lu.csv_scene_158,画面 构图 ， 旖旎 的 音乐 ， 天 啊 太美 了.
yi ji hui yi lu.csv_scene_158,明明 像 巩俐 啊.
yi ji hui yi lu.csv_scene_158,前面 说 像 深田恭子 和 韩孝珠 的 我 同意.
yi ji hui yi lu.csv_scene_158,渡 远方.
yi ji hui yi lu.csv_scene_158,好 漂亮 ， 有点像 章子怡.
yi ji hui yi lu.csv_scene_215,这个 可爱 的.
yi ji hui yi lu.csv_scene_215,2333333333333.
yi ji hui yi lu.csv_scene_227,哈哈哈 哈哈笑 出 声.
yi ji hui yi lu.csv_scene_227,怎么 又 叫 呐桑 了 ， 艺妓 不是 身份 越高越 朴素 吗.
yi ji hui yi lu.csv_scene_228,2333333333.
yi ji hui yi lu.csv_scene_228,这个 眼神 ， 服不服 子怡 演技 ， 服不服.
yi ji hui yi lu.csv_scene_228,这部 电影 里 的 都 是 真美人 啊 ， 现在 的 那些 明星 若有 她们 半分 神韵 足矣 ！.
yi ji hui yi lu.csv_scene_241,哈哈哈.
yi ji hui yi lu.csv_scene_241,尬 茶.
yi ji hui yi lu.csv_scene_241,这 他 妈 就 很 尴尬 了.
yi ji hui yi lu.csv_scene_241,哪位 大叔 变 老头 了 么.
yi ji hui yi lu.csv_scene_325,真的 觉得 恐怖 的 根本 没有 带 着 欣赏 艺术 的 眼光 来看 这部 电影.
yi ji hui yi lu.csv_scene_325,花魁 都 是 要 搭 在 仆人 的 肩膀 上 走 这个 花魁 步 ， 章子怡 不用 扶 已经 很 厉害 了.
yi ji hui yi lu.csv_scene_325,卧槽 美炸 了.
yi ji hui yi lu.csv_scene_325,这段 是 “ 鹭娘 ” ， 表现 垂死 的 样子 … 日本 传统 的 鹭娘 更 … 静 一点 ….
yi ji hui yi lu.csv_scene_325,我天 被 吓 到 了.
yi ji hui yi lu.csv_scene_327,卡到 哭 。 。 。 。.
yi ji hui yi lu.csv_scene_327,原来 大家 都 卡 啊.
yi ji hui yi lu.csv_scene_327,为什么 这么 卡 ！ ！.
yi ji hui yi lu.csv_scene_327,解.
yi ji hui yi lu.csv_scene_327,美的 打 寒战 啊啊啊 啊 ！ ！ ！ 真的 是 打 寒战 ！ ！ ！.
yi ji hui yi lu.csv_scene_327,这 明明 就 很 像 鬼 好 吗.
yi ji hui yi lu.csv_scene_328,原来 不是 我 一个 人卡.
yi ji hui yi lu.csv_scene_328,其实 。 。 。 。 我 真 感受 不到 美在 哪 ， 怪 我 不 懂 欣赏.
yi ji hui yi lu.csv_scene_328,但是 这段 黑 章子怡 的 真的 要 闭嘴 了 人家 是 艺术家 够 你们 这样 评头论足 的 ？.
yi ji hui yi lu.csv_scene_328,吹 呀 吹 呀 ， 我 的 骄傲 放纵.
yi ji hui yi lu.csv_scene_328,日本 人 好像 挺 喜欢 凄凉 之 美的.
yi ji hui yi lu.csv_scene_329,实在 欣赏 不来 啊 ， 这段 舞 。 。 。.
yi ji hui yi lu.csv_scene_329,她 摔倒 了 ， 向前 看 ， 前面 的 小巷 漆黑 没有 光.
yi ji hui yi lu.csv_scene_329,好像 恐怖片.
yi ji hui yi lu.csv_scene_329,这里 真心 美.
yi ji hui yi lu.csv_scene_329,不 懂 美 在 哪 和 欣赏 不来 的 闭嘴 好不好 ？ ？ 谁 管 你 能 不能 欣赏 了.
yi ji hui yi lu.csv_scene_410,从 她 失去 爱情 的 那 一刻起 她 就 已经 是 风尘 女子 了 千疮百孔.
yi ji hui yi lu.csv_scene_410,唐嫣 哭 的 还 没 小孩子 哭 的 好 ， 真是 花瓶 ， 仙剑 里面 刘诗 诗 的 演技 都 比 她 好.
yi ji hui yi lu.csv_scene_410,唐嫣 还 不如 杨幂.
yi ji hui yi lu.csv_scene_410,有病 啊 ， 唐嫣 身材 身高 长相 放 国际 上 都 是 出 挑 的.
yi ji hui yi lu.csv_scene_410,你们 够 了 啊 ， 到 这 一 碰 唐嫣 全屏 刷 弹幕 了.
yi ji hui yi lu.csv_scene_507,哈哈哈哈 哈哈哈 哈哈哈.
yi ji hui yi lu.csv_scene_507,卧槽.
yi ji hui yi lu.csv_scene_507,突然 gg.
yi ji hui yi lu.csv_scene_507,她 就是 引 了 主席.
yi ji hui yi lu.csv_scene_527,说 男 的 觉得 甄 嬛 传 一般 的 我 爸 是 我家 第一个 看 的 还 很 喜欢 的 样子.
yi ji hui yi lu.csv_scene_527,女.
yi ji hui yi lu.csv_scene_527,男.
yi ji hui yi lu.csv_scene_527,扶 她 那个 来 我 床上 让 我 检验 一下.
yi ji hui yi lu.csv_scene_542,泪目 了.
yi ji hui yi lu.csv_scene_542,啊啊啊 啊啊啊.
yi ji hui yi lu.csv_scene_543,挺 喜欢 这种 结局.
yi ji hui yi lu.csv_scene_543,一个 刨冰 引发 的 爱情.
yi ji hui yi lu.csv_scene_543,养成 笑 死.
yi ji hui yi lu.csv_scene_543,电影 里 的 人 就是 矫情 ， 哪 可能 一个 人 喜欢 一辈子 ， 现实 绝对 伸江 更好 吧.
yi ji hui yi lu.csv_scene_543,故事 告诉 我们 ， 老婆 要 从小 培养 起.
yi ji hui yi lu.csv_scene_543,真实 的 历史 是 艺妓 等 了 军官 一辈子 也 没有 等到 他 回来.
yi ji hui yi lu.csv_scene_543,汪峰.
yi ji hui yi lu.csv_scene_543,哭 着 笑 出声.
yi ji hui yi lu.csv_scene_543,男主 原著 中有 两个 女儿.
yi ji hui yi lu.csv_scene_548,还是 忍不住 想 哭 ， 感觉 这 就是 辛福.
yi ji hui yi lu.csv_scene_548,抱抱 蓝字.
yi ji hui yi lu.csv_scene_548,祝 天下 有情人终成眷属.
yi ji hui yi lu.csv_scene_548,那 一年 我 14 他 28.
yi ji hui yi lu.csv_scene_548,电影 很 一般 ， 但是 原著 非常 好看 ， 值得一看.
yi ji hui yi lu.csv_scene_549,希望 遇见 ….
yi ji hui yi lu.csv_scene_549,合影 留恋.
yi ji hui yi lu.csv_scene_549,音乐 好美.
yi ji hui yi lu.csv_scene_549,剧情 有 硬伤 ， 不过 美即 正义 ， 我 也 就 无所谓 了.
yi ji hui yi lu.csv_scene_550,因为 听过 张国荣 看 这 本书 才 来看 这部 电影 的 哈哈.
yi ji hui yi lu.csv_scene_550,很 美 ， 很 有 诗意 的 一部 电影.
yi ji hui yi lu.csv_scene_550,我 也 在 奢望 ， 可是 我们 没有 在 一起.
yi ji hui yi lu.csv_scene_550,看到 弹幕 表白 的 … 突然 发现自己 谈着 恋爱 却 没有 爱 的 人 ….
yi ji hui yi lu.csv_scene_550,结局 居然 这么 美好 ！ 和 期待 的 有所不同.
yi ji hui yi lu.csv_scene_551,好看.
yi ji hui yi lu.csv_scene_551,挺 用心 的 看 完 了 当年 被 批判 的 很 厉害 的 一部 电影.
yi ji hui yi lu.csv_scene_552,↑ 偷偷 表白 马友友 先生 ～ (   ｰ ̀ ε ｰ ́   ) ↑.
yi ji hui yi lu.csv_scene_552,有 精神 洁癖 的 从来 没 喜欢 过有 女朋友 或者 老婆 的 男人 。 。 不太 理解 这种 爱情.
yi ji hui yi lu.csv_scene_552,借 许愿池 ， 希望 自己 遇到 自己 的 良人.
zhong guo he huo ren.csv_scene_14,围观 学霸 讲 英语 23333.
zhong guo he huo ren.csv_scene_14,23333333333333.
zhong guo he huo ren.csv_scene_14,但是 确实 是 邓超 的 声音 。 。.
zhong guo he huo ren.csv_scene_35,2333333333333.
zhong guo he huo ren.csv_scene_35,前面 的 ， 中文 骂街 直击 灵魂 hhhhhh.
zhong guo he huo ren.csv_scene_35,前面 那个 说 在 我们 学校 拍 的 那个 人别 走 ！ ！ ！ 我 是 你 校友 ！ ！ ！.
zhong guo he huo ren.csv_scene_35,孟晓骏 好色 气.
zhong guo he huo ren.csv_scene_59,有 台风 叫 杜鹃 啊.
zhong guo he huo ren.csv_scene_59,都 少说几句 吧 ， 关键 还是 看脸.
zhong guo he huo ren.csv_scene_59,大概 是 到 时间 断电.
zhong guo he huo ren.csv_scene_67,暗黑 佟 大为 上线.
zhong guo he huo ren.csv_scene_67,2333333333333.
zhong guo he huo ren.csv_scene_67,污.
zhong guo he huo ren.csv_scene_74,实际上 你 去 也 也 会 这么 觉得.
zhong guo he huo ren.csv_scene_74,tooyoungyoonative.
zhong guo he huo ren.csv_scene_74,233333333.
zhong guo he huo ren.csv_scene_74,年轻人 还是 个 膜 法师 啊.
zhong guo he huo ren.csv_scene_74,续 一秒.
zhong guo he huo ren.csv_scene_74,还是 太 年轻.
zhong guo he huo ren.csv_scene_74,我 和 华莱士 谈笑风生.
zhong guo he huo ren.csv_scene_74,+ 1S.
zhong guo he huo ren.csv_scene_82,223333333333333.
zhong guo he huo ren.csv_scene_82,然而 妹子 会 游泳 哈哈哈 哈哈.
zhong guo he huo ren.csv_scene_82,为什么 苏梅 让 我 想到 了 莫璃 女王 23333.
zhong guo he huo ren.csv_scene_82,滚 哈哈哈 哈哈.
zhong guo he huo ren.csv_scene_82,我 选择 狗带 ！.
zhong guo he huo ren.csv_scene_82,姑娘 ： 我 选择 死亡.
zhong guo he huo ren.csv_scene_86,AB 看着 你.
zhong guo he huo ren.csv_scene_86,我勒个 去.
zhong guo he huo ren.csv_scene_86,卧槽 原来 这里 的 配乐 是 花房 姑娘.
zhong guo he huo ren.csv_scene_86,说 追女孩 就是 强吻 的 绝对 没谈过 恋爱 ， 要 看 时机 的 好 吗.
zhong guo he huo ren.csv_scene_86,其实 长得 很 普通 就是 很 有 气质.
zhong guo he huo ren.csv_scene_86,单身 狗们 注意 了 这招 只 适用 于 颜值 高 的.
zhong guo he huo ren.csv_scene_88,为什么 不能 是 我 ！.
zhong guo he huo ren.csv_scene_88,关键 还是 要 看 脸 ， 你 不信 你 去 强 吻 试试 ， 马上 报警.
zhong guo he huo ren.csv_scene_88,看脸 真理.
zhong guo he huo ren.csv_scene_88,流氓.
zhong guo he huo ren.csv_scene_88,这 台词 好 霸道 总裁.
zhong guo he huo ren.csv_scene_101,携程 在手 ， 说走就走.
zhong guo he huo ren.csv_scene_101,23333333333.
zhong guo he huo ren.csv_scene_101,话 说 这段 的 BGM 是 什么.
zhong guo he huo ren.csv_scene_101,成东青 的 表情 像 送别 恋人 333333333.
zhong guo he huo ren.csv_scene_107,我 就 hh ， 在 美國 一年 交換 生經歷 負責 的 告訴 你 至少 一半 高中生 作弊.
zhong guo he huo ren.csv_scene_107,233333333.
zhong guo he huo ren.csv_scene_110,学 人家 俩 23333333333.
zhong guo he huo ren.csv_scene_110,哈哈哈 你 学错 了.
zhong guo he huo ren.csv_scene_110,hhhh 以后 你 再 去 他 看到 你 的 脸 直接 拒签.
zhong guo he huo ren.csv_scene_112,哈哈 阁楼 杂志.
zhong guo he huo ren.csv_scene_112,23333333.
zhong guo he huo ren.csv_scene_112,批判 的 眼光 哈哈哈 哈哈哈.
zhong guo he huo ren.csv_scene_115,我 尴尬 症 都 犯 了.
zhong guo he huo ren.csv_scene_115,233333333333.
zhong guo he huo ren.csv_scene_115,下海 2333333333333.
zhong guo he huo ren.csv_scene_115,这 杯子 和 我家 的 一样.
zhong guo he huo ren.csv_scene_145,89 年 的 大学生 很 大部分 都 是 被 忽悠 的.
zhong guo he huo ren.csv_scene_145,美国 大爷 哈哈哈哈 哈哈哈 笑 出声 了.
zhong guo he huo ren.csv_scene_145,原谅 我 真的 笑 出 了 声.
zhong guo he huo ren.csv_scene_158,233333333333333.
zhong guo he huo ren.csv_scene_158,如果 真 以为 到 美国 就 到 天堂 了 。 那 你 就 太天真 了.
zhong guo he huo ren.csv_scene_158,北京 人 在 纽约 ： 如果 你 爱 他 ， 送 他 来 NY ， 这里 是 天堂.
zhong guo he huo ren.csv_scene_167,23333333333.
zhong guo he huo ren.csv_scene_167,没 睡觉 的 走 了.
zhong guo he huo ren.csv_scene_167,想起 这句 话 ， 上个星期 我们 辅导员 也 说 了 ， 结果 也 有 妹子 走 了 。 。.
zhong guo he huo ren.csv_scene_182,233333333.
zhong guo he huo ren.csv_scene_182,这灯牌 哈哈哈.
zhong guo he huo ren.csv_scene_248,王阳 ： 劳资 当年 就是 被 一个 洋妞 这么 嫌弃 的.
zhong guo he huo ren.csv_scene_248,233333333333333333.
zhong guo he huo ren.csv_scene_286,孟总 眼睛 一个 单 一个双 好 明显 哈哈.
zhong guo he huo ren.csv_scene_286,2333.
zhong guo he huo ren.csv_scene_286,点头 yes 摇头 no 来 是 come 去 是 go 哈 喽 哈 喽 哈哈 喽.
zhong guo he huo ren.csv_scene_332,要是 没王阳 也 就 散伙 了 ， 也 就 他 没变 还 能 当 调和剂.
zhong guo he huo ren.csv_scene_332, 交给 各大 投行 ， 一般 在 没有 渠道 的 情况 下 IPO 后 股票 会 大跌.
zhong guo he huo ren.csv_scene_332,你们 这些 刷 小 夫妻 即视感 的 弹幕 ， 搞 得 我 现在 也 不能 好好看 电影 了.
zhong guo he huo ren.csv_scene_379,233333333
zhong guo he huo ren.csv_scene_379,你们 是 怎么 把 车 从 中国 开 过去 的.
zhong guo he huo ren.csv_scene_379,王阳 全程 老 司机.
zhong guo he huo ren.csv_scene_433,什么 鬼 啊 不能 上 老干妈 真名 吗 2333.
zhong guo he huo ren.csv_scene_433,国民 女神.
zhong guo he huo ren.csv_scene_433,2333333333333333.
zhong guo he huo ren.csv_scene_433,说 老干妈 什么 鬼 的 都 不 知道 老干妈 现在 市值 几百 亿美金.